{
  "train_losses": [
    0.10472384530594799,
    0.03480910402030669,
    0.02824447989615558,
    0.024170281515288508,
    0.022066591418724597,
    0.020459996781518313,
    0.019322277930334517,
    0.01843115149171645,
    0.017174427486415015,
    0.0163446810047248,
    0.015588378484648769,
    0.014909090263633755,
    0.014138567978134673,
    0.01379946089445074,
    0.01326609588895874,
    0.012973511108939555,
    0.01275396292807198,
    0.012506302252578335,
    0.01225656511255122,
    0.011966134689998027,
    0.011703275505078738,
    0.011341894204022443,
    0.011271020298306891,
    0.011346530300119347,
    0.01082754484556435,
    0.010708405840448217,
    0.010464577934317971,
    0.010460854740761345,
    0.010521441059433326,
    0.010386748714528602,
    0.01031542037659649,
    0.010475686948557404,
    0.0101011702486659,
    0.009809945754852542,
    0.009542614616968736,
    0.00950978787518774,
    0.009269466653147112,
    0.009318067941682854,
    0.009143336178705415,
    0.00916722751817418
  ],
  "val_losses": [
    0.03552775936419762,
    0.027219097739048945,
    0.018322557797228353,
    0.018232569466508645,
    0.017330800590259005,
    0.014207582181666829,
    0.014542479751417507,
    0.016479653143504233,
    0.014139541543791644,
    0.014648272805670283,
    0.01232769702904552,
    0.012736680437635992,
    0.013708616649324852,
    0.012012413577822843,
    0.011753448375299387,
    0.01157088713174627,
    0.012428043368302992,
    0.011594375564665171,
    0.011863204536869669,
    0.011814688660199973,
    0.010856032945623952,
    0.012591792692104715,
    0.011218114013874047,
    0.013142376630874867,
    0.011124066671521856,
    0.011891292344874183,
    0.012513582559469966,
    0.011923736351818965,
    0.010174560772744298,
    0.011234406966764863,
    0.010801585362042662,
    0.012719413497445837,
    0.010895898197613937,
    0.011944948123715831,
    0.013527157838207278,
    0.011543825293983765,
    0.010923552004861168,
    0.014939023584500177,
    0.012514625669042666,
    0.011817355081660893
  ],
  "test_losses": [
    null,
    null,
    null,
    null,
    0.017032857289833992,
    null,
    null,
    null,
    null,
    0.014241428002426672,
    null,
    null,
    null,
    null,
    0.012317491057670013,
    null,
    null,
    null,
    null,
    0.01217659612637215,
    null,
    null,
    null,
    null,
    0.011221815176594374,
    null,
    null,
    null,
    null,
    0.011536385575026505,
    null,
    null,
    null,
    null,
    0.013776458895800191,
    null,
    null,
    null,
    null,
    0.01252586047646011
  ],
  "best_val_loss": 0.012449868074298471,
  "epochs_trained": 40,
  "test_metrics": {
    "test_loss": 0.01252586047646011,
    "best_accuracy": 0.9867967746140524,
    "best_threshold": 0.8500000000000016,
    "precision": 0.9787952078294617,
    "recall": 0.9812788992895004,
    "f1_score": 0.9800354799650832,
    "auc_score": 0.9923182908850066,
    "threshold_results": [
      [
        0.8500000000000016,
        0.9867967746140524
      ],
      [
        0.9000000000000017,
        0.9866477960483435
      ],
      [
        0.8000000000000016,
        0.9866291737276299
      ],
      [
        0.9500000000000017,
        0.9865733067654892
      ],
      [
        0.7500000000000016,
        0.9864801951619211
      ],
      [
        0.7000000000000015,
        0.9862381049926442
      ],
      [
        0.5500000000000014,
        0.9861636157097897
      ],
      [
        0.6000000000000014,
        0.9861636157097897
      ],
      [
        0.6500000000000015,
        0.9861449933890761
      ],
      [
        0.5000000000000013,
        0.9859401478612264
      ],
      [
        0.4500000000000013,
        0.985772546974804
      ],
      [
        0.40000000000000124,
        0.9853256112776774
      ],
      [
        0.3500000000000012,
        0.9850090318255461
      ],
      [
        0.30000000000000115,
        0.9845248514869923
      ],
      [
        0.2500000000000011,
        0.9840406711484385
      ],
      [
        0.20000000000000107,
        0.9832399113577533
      ],
      [
        0.15000000000000102,
        0.9806514087785619
      ],
      [
        0.10000000000000098,
        0.975101957205907
      ],
      [
        0.05000000000000093,
        0.9621221996685226
      ],
      [
        8.881784197001252e-16,
        0.9285461554218887
      ],
      [
        -0.049999999999999156,
        0.8600718821579545
      ],
      [
        -0.0999999999999992,
        0.7580588092888135
      ],
      [
        -0.14999999999999925,
        0.6449095886329355
      ],
      [
        -0.1999999999999993,
        0.5468816923965064
      ],
      [
        -0.24999999999999933,
        0.4791523119611166
      ],
      [
        -0.2999999999999994,
        0.4298776513529116
      ],
      [
        -0.3499999999999994,
        0.3922419411907112
      ],
      [
        -0.39999999999999947,
        0.36523957615598057
      ],
      [
        -0.4499999999999995,
        0.3462634313488147
      ],
      [
        -0.49999999999999956,
        0.3376412968584145
      ],
      [
        -0.5499999999999996,
        0.3331160729250079
      ],
      [
        -0.5999999999999996,
        0.33134695245721524
      ],
      [
        -0.6499999999999997,
        0.3306579265908117
      ],
      [
        -0.6999999999999997,
        0.33045308106296206
      ],
      [
        -0.7499999999999998,
        0.3302854801765396
      ],
      [
        -1.0,
        0.3302482355351124
      ],
      [
        -0.95,
        0.3302482355351124
      ],
      [
        -0.8999999999999999,
        0.3302482355351124
      ],
      [
        -0.8499999999999999,
        0.3302482355351124
      ],
      [
        -0.7999999999999998,
        0.3302482355351124
      ]
    ]
  }
}