{
  "train_losses": [
    0.11252755903837111,
    0.03512194605802835,
    0.02829715496973805,
    0.025077732296289915,
    0.022795816359066735,
    0.021094020868552464,
    0.020026547385212687,
    0.018578154952862674,
    0.01794191635941473,
    0.01694050118172373,
    0.0161198972794974,
    0.015463289521931895,
    0.014929306627089653,
    0.014400209555960377,
    0.013870436764925002,
    0.013884668085322262,
    0.0135295659348127,
    0.012810328025160406,
    0.012654921581592607,
    0.012417211770636651,
    0.012148767615208245,
    0.012000114656933895,
    0.011723434970542413,
    0.01138684947770659,
    0.010964251190129363,
    0.010976591167609009,
    0.010750910564890517,
    0.010469118258936205,
    0.01079849441805257,
    0.010587297408548305,
    0.010244465450217958,
    0.01015100746798063,
    0.010148649867138699,
    0.010123622041357187,
    0.010079862257233568,
    0.00987107080051746,
    0.009731320782093489,
    0.009567138961646652,
    0.00930003103635168,
    0.009285527705886936,
    0.009096195266015947,
    0.009230020253731715,
    0.00907227488610698,
    0.009180280327224703,
    0.009099118492149262
  ],
  "val_losses": [
    0.03607415197778265,
    0.024098136410546155,
    0.02009385221884871,
    0.019134266883998285,
    0.015290095189548268,
    0.014220011930331674,
    0.01382633712707473,
    0.014568749080349639,
    0.012635692115194292,
    0.014128724494731765,
    0.01303322814098144,
    0.012553287829400064,
    0.012480557994759552,
    0.011621986525323319,
    0.01258059170629297,
    0.013326132325346938,
    0.01179806971528809,
    0.011550311398564814,
    0.010283163394887575,
    0.011349443493562997,
    0.010817626728907053,
    0.010088579855457426,
    0.011626795158414686,
    0.013069174605565628,
    0.011798559860584297,
    0.010210817187356575,
    0.010143745395710621,
    0.010259247333919167,
    0.012137968166875205,
    0.011949900543702761,
    0.01031139713464951,
    0.009647281714592879,
    0.011950338035061651,
    0.011375304993578713,
    0.010607182138135152,
    0.008998843550182467,
    0.010801198192310055,
    0.008769697471014047,
    0.010840145859910779,
    0.012015610392566543,
    0.012281312262395034,
    0.009698629115759761,
    0.012052827606211163,
    0.011635189131173814,
    0.01261264017875423
  ],
  "best_val_loss": 0.011290546881119691,
  "epochs_trained": 45
}