{
  "train_losses": [
    0.10662519845912918,
    0.03388142249935047,
    0.02720780685633852,
    0.024357261674896314,
    0.02204441204143489,
    0.02051842566230512,
    0.019258419881953846,
    0.018165906394514632,
    0.0175255430301701,
    0.016470149180334973,
    0.016022664442384583,
    0.015512764790280612,
    0.014727711581684304,
    0.014255733877161194,
    0.013711596234078053,
    0.013402481403467273,
    0.012713401773432395,
    0.01233564684428088,
    0.012242220381091221,
    0.011933653676104626,
    0.01161518911540529,
    0.011654841124216164,
    0.011149261993004072,
    0.011008546009076362,
    0.010872543401648964,
    0.010614647552148934,
    0.010464105180455485,
    0.010536698721770828,
    0.010455528216778403,
    0.010360397254142877,
    0.010144605197377999,
    0.010067812285882636,
    0.00984614016325837,
    0.009970316340699127,
    0.00978218975675876,
    0.009463466705523784,
    0.009517872533246496,
    0.00967365374182068,
    0.009345221604714609,
    0.009328697838698006,
    0.009232855090173181,
    0.009022009392254952,
    0.009168747644774058,
    0.008931660540437621,
    0.009048595650693813,
    0.00871754841816232,
    0.008607314121804245,
    0.008625228242190848
  ],
  "val_losses": [
    0.03337688726426591,
    0.022030683544380262,
    0.01837119221021142,
    0.01671819625751903,
    0.01466854593247383,
    0.015667872542248645,
    0.015413087735488884,
    0.013752628690338563,
    0.013738520285888156,
    0.011940991988688067,
    0.012428695981346027,
    0.012425659827039824,
    0.012406930576886533,
    0.01261810648927702,
    0.011669119365972222,
    0.012856702285178911,
    0.01265880562852929,
    0.011713219119792008,
    0.012987329136901166,
    0.01139876507167734,
    0.012119109492466494,
    0.010923443182724929,
    0.010858266249719271,
    0.012815412089828226,
    0.010948006705505981,
    0.011033478243041617,
    0.009960991929770641,
    0.011469372501623866,
    0.009308961628655374,
    0.010980734691583378,
    0.01065263051765861,
    0.011808045171791084,
    0.011091041290198542,
    0.010380034523007916,
    0.01042229518210997,
    0.009675344987731819,
    0.011395903967942161,
    0.009830028680193777,
    0.012928345734724327,
    0.00868082800198223,
    0.010280759215575709,
    0.010512217600331499,
    0.012732075623906002,
    0.010345053402052187,
    0.01026432156911307,
    0.012810284144124412,
    0.012061552687747211,
    0.010585166154865485
  ],
  "test_losses": [
    null,
    null,
    null,
    null,
    0.014877922671702558,
    null,
    null,
    null,
    null,
    0.011586063759015058,
    null,
    null,
    null,
    null,
    0.011242166304942448,
    null,
    null,
    null,
    null,
    0.010790671769016569,
    null,
    null,
    null,
    null,
    0.010446596933768714,
    null,
    null,
    null,
    null,
    0.011042575693593334,
    null,
    null,
    null,
    null,
    0.01068676688184902,
    null,
    null,
    null,
    null,
    0.007960060571080996,
    null,
    null,
    null,
    null,
    0.009312197394578125,
    null,
    null,
    null
  ],
  "best_val_loss": 0.011103005765306652,
  "epochs_trained": 48,
  "test_metrics": {
    "test_loss": 0.010085732706482104,
    "best_accuracy": 0.9896671327655402,
    "best_threshold": 0.9500000000000017,
    "precision": 0.9855293221629855,
    "recall": 0.9835495955263587,
    "f1_score": 0.9845384636287058,
    "auc_score": 0.9953673872467259,
    "threshold_results": [
      [
        0.9500000000000017,
        0.9896671327655402
      ],
      [
        0.8500000000000016,
        0.989540014890951
      ],
      [
        0.8000000000000016,
        0.9893765776236221
      ],
      [
        0.9000000000000017,
        0.9893039388381426
      ],
      [
        0.7500000000000016,
        0.9891223418744438
      ],
      [
        0.7000000000000015,
        0.9889952239998547
      ],
      [
        0.6500000000000015,
        0.9888499464288957
      ],
      [
        0.5500000000000014,
        0.9885593912869777
      ],
      [
        0.6000000000000014,
        0.9884685928051283
      ],
      [
        0.5000000000000013,
        0.9882688361450597
      ],
      [
        0.4500000000000013,
        0.988069079484991
      ],
      [
        0.40000000000000124,
        0.9878693228249223
      ],
      [
        0.3500000000000012,
        0.9875242885938947
      ],
      [
        0.30000000000000115,
        0.9870884558810177
      ],
      [
        0.2500000000000011,
        0.98674342164999
      ],
      [
        0.20000000000000107,
        0.9861804710625238
      ],
      [
        0.15000000000000102,
        0.9847640147456734
      ],
      [
        0.10000000000000098,
        0.9820582199865618
      ],
      [
        0.05000000000000093,
        0.9761199992736121
      ],
      [
        8.881784197001252e-16,
        0.9568162420324332
      ],
      [
        -0.049999999999999156,
        0.9030453810812283
      ],
      [
        -0.0999999999999992,
        0.8193655002088365
      ],
      [
        -0.14999999999999925,
        0.7227922349138323
      ],
      [
        -0.1999999999999993,
        0.626945357473623
      ],
      [
        -0.24999999999999933,
        0.54050520275301
      ],
      [
        -0.2999999999999994,
        0.47296929195343856
      ],
      [
        -0.3499999999999994,
        0.42114151851381043
      ],
      [
        -0.39999999999999947,
        0.3830969546189188
      ],
      [
        -0.4499999999999995,
        0.3563477218660904
      ],
      [
        -0.49999999999999956,
        0.34134781266457226
      ],
      [
        -0.5499999999999996,
        0.33628125737737663
      ],
      [
        -0.5999999999999996,
        0.33484664136415637
      ],
      [
        -0.6499999999999997,
        0.3345379265258685
      ],
      [
        -0.6999999999999997,
        0.3345016071331287
      ],
      [
        -1.0,
        0.33448344743675884
      ],
      [
        -0.95,
        0.33448344743675884
      ],
      [
        -0.8999999999999999,
        0.33448344743675884
      ],
      [
        -0.8499999999999999,
        0.33448344743675884
      ],
      [
        -0.7999999999999998,
        0.33448344743675884
      ],
      [
        -0.7499999999999998,
        0.33448344743675884
      ]
    ]
  }
}